,CMPLNT_NUM,CMPLNT_FR_DT,CMPLNT_FR_TM,CMPLNT_TO_DT,CMPLNT_TO_TM,RPT_DT,KY_CD,OFNS_DESC,PD_CD,PD_DESC,CRM_ATPT_CPTD_CD,LAW_CAT_CD,JURIS_DESC,BORO_NM,ADDR_PCT_CD,LOC_OF_OCCUR_DESC,PREM_TYP_DESC,PARKS_NM,HADEVELOPT,X_COORD_CD,Y_COORD_CD,Latitude,Longitude,Lat_Lon
0,101109527,12/31/2015,23:45:00,,,12/31/2015,113,FORGERY,729.0,"FORGERY,ETC.,UNCLASSIFIED-FELO",COMPLETED,FELONY,N.Y. POLICE DEPT,BRONX,44,INSIDE,BAR/NIGHT CLUB,,,1007314.0,241257.0,40.828848333,-73.916661142,"(40.828848333, -73.916661142)"
1,153401121,12/31/2015,23:36:00,,,12/31/2015,101,MURDER & NON-NEGL. MANSLAUGHTER,,,COMPLETED,FELONY,N.Y. POLICE DEPT,QUEENS,103,OUTSIDE,,,,1043991.0,193406.0,40.697338138,-73.784556739,"(40.697338138, -73.784556739)"
2,569369778,12/31/2015,23:30:00,,,12/31/2015,117,DANGEROUS DRUGS,503.0,"CONTROLLED SUBSTANCE,INTENT TO",COMPLETED,FELONY,N.Y. POLICE DEPT,MANHATTAN,28,,OTHER,,,999463.0,231690.0,40.802606608000005,-73.94505191100001,"(40.802606608, -73.945051911)"
3,968417082,12/31/2015,23:30:00,,,12/31/2015,344,ASSAULT 3 & RELATED OFFENSES,101.0,ASSAULT 3,COMPLETED,MISDEMEANOR,N.Y. POLICE DEPT,QUEENS,105,INSIDE,RESIDENCE-HOUSE,,,1060183.0,177862.0,40.654549444000004,-73.726338791,"(40.654549444, -73.726338791)"
4,641637920,12/31/2015,23:25:00,12/31/2015,23:30:00,12/31/2015,344,ASSAULT 3 & RELATED OFFENSES,101.0,ASSAULT 3,COMPLETED,MISDEMEANOR,N.Y. POLICE DEPT,MANHATTAN,13,FRONT OF,OTHER,,,987606.0,208148.0,40.7380024,-73.98789129,"(40.7380024, -73.98789129)"
5,365661343,12/31/2015,23:18:00,12/31/2015,23:25:00,12/31/2015,106,FELONY ASSAULT,109.0,"ASSAULT 2,1,UNCLASSIFIED",ATTEMPTED,FELONY,N.Y. POLICE DEPT,BROOKLYN,71,FRONT OF,DRUG STORE,,,996149.0,181562.0,40.665022689000004,-73.957110763,"(40.665022689, -73.957110763)"
6,608231454,12/31/2015,23:15:00,,,12/31/2015,235,DANGEROUS DRUGS,511.0,"CONTROLLED SUBSTANCE, POSSESSI",COMPLETED,MISDEMEANOR,N.Y. POLICE DEPT,MANHATTAN,7,OPPOSITE OF,STREET,,,987373.0,201662.0,40.720199996,-73.988735082,"(40.720199996, -73.988735082)"
7,265023856,12/31/2015,23:15:00,12/31/2015,23:15:00,12/31/2015,118,DANGEROUS WEAPONS,792.0,WEAPONS POSSESSION 1 & 2,COMPLETED,FELONY,N.Y. POLICE DEPT,BRONX,46,FRONT OF,STREET,,,1009041.0,247401.0,40.845707148,-73.910398033,"(40.845707148, -73.910398033)"
8,989238731,12/31/2015,23:15:00,12/31/2015,23:30:00,12/31/2015,344,ASSAULT 3 & RELATED OFFENSES,101.0,ASSAULT 3,COMPLETED,MISDEMEANOR,N.Y. POLICE DEPT,BRONX,48,INSIDE,RESIDENCE - APT. HOUSE,,,1014154.0,251416.0,40.856711290999996,-73.891899956,"(40.856711291, -73.891899956)"
9,415095955,12/31/2015,23:10:00,12/31/2015,23:10:00,12/31/2015,341,PETIT LARCENY,338.0,"LARCENY,PETIT FROM BUILDING,UN",COMPLETED,MISDEMEANOR,N.Y. POLICE DEPT,MANHATTAN,19,INSIDE,DRUG STORE,,,994327.0,218211.0,40.765617688,-73.96362342,"(40.765617688, -73.96362342)"
10,731283092,12/31/2015,23:05:00,12/31/2015,23:15:00,12/31/2015,341,PETIT LARCENY,343.0,"LARCENY,PETIT OF BICYCLE",COMPLETED,MISDEMEANOR,N.Y. POLICE DEPT,BRONX,41,INSIDE,FAST FOOD,,,1014216.0,238784.0,40.822039935,-73.891732267,"(40.822039935, -73.891732267)"
11,178090167,12/31/2015,23:00:00,12/31/2015,23:05:00,12/31/2015,341,PETIT LARCENY,338.0,"LARCENY,PETIT FROM BUILDING,UN",COMPLETED,MISDEMEANOR,N.Y. POLICE DEPT,MANHATTAN,13,INSIDE,RESTAURANT/DINER,,,988113.0,206263.0,40.732828332,-73.986062857,"(40.732828332, -73.986062857)"
12,898496564,12/31/2015,23:00:00,,,12/31/2015,109,GRAND LARCENY,406.0,"LARCENY,GRAND FROM PERSON, BAG OPEN/DIP",COMPLETED,FELONY,N.Y. POLICE DEPT,MANHATTAN,14,,STREET,,,987215.0,215403.0,40.757915693,-73.98929902,"(40.757915693, -73.98929902)"
13,566081066,12/31/2015,23:00:00,,,12/31/2015,109,GRAND LARCENY,415.0,"LARCENY,GRAND FROM PERSON,PICK",COMPLETED,FELONY,N.Y. POLICE DEPT,MANHATTAN,14,,STREET,,,987215.0,215403.0,40.757915693,-73.98929902,"(40.757915693, -73.98929902)"
14,584555879,12/31/2015,23:00:00,,,12/31/2015,113,FORGERY,729.0,"FORGERY,ETC.,UNCLASSIFIED-FELO",COMPLETED,FELONY,N.Y. POLICE DEPT,BROOKLYN,67,,STREET,,,1004325.0,174113.0,40.644562053,-73.92766205,"(40.644562053, -73.92766205)"
15,715942154,12/31/2015,23:00:00,12/31/2015,23:05:00,12/31/2015,105,ROBBERY,386.0,"ROBBERY,PERSONAL ELECTRONIC DEVICE",COMPLETED,FELONY,N.Y. POLICE DEPT,QUEENS,103,INSIDE,BAR/NIGHT CLUB,,,1044662.0,197327.0,40.708095777,-73.78210174,"(40.708095777, -73.78210174)"
16,338440707,12/31/2015,23:00:00,12/31/2015,23:10:00,12/31/2015,109,GRAND LARCENY,411.0,"LARCENY,GRAND FROM EATERY, UNATTENDED",COMPLETED,FELONY,N.Y. POLICE DEPT,MANHATTAN,17,INSIDE,RESTAURANT/DINER,,,993034.0,214414.0,40.755197275,-73.968296117,"(40.755197275, -73.968296117)"
17,433257334,12/31/2015,23:00:00,12/31/2015,23:05:00,12/31/2015,359,OFFENSES AGAINST PUBLIC ADMINI,748.0,"CONTEMPT,CRIMINAL",COMPLETED,MISDEMEANOR,N.Y. POLICE DEPT,BRONX,48,INSIDE,RESIDENCE - APT. HOUSE,,,1014139.0,251858.0,40.857924499,-73.89195221,"(40.857924499, -73.89195221)"
18,761004485,12/31/2015,23:00:00,12/31/2015,23:05:00,12/31/2015,344,ASSAULT 3 & RELATED OFFENSES,101.0,ASSAULT 3,COMPLETED,MISDEMEANOR,N.Y. POLICE DEPT,BROOKLYN,61,INSIDE,RESIDENCE - APT. HOUSE,,,993932.0,160170.0,40.606308897,-73.96513276600001,"(40.606308897, -73.965132766)"
19,234892198,12/31/2015,22:55:00,12/31/2015,23:10:00,12/31/2015,351,CRIMINAL MISCHIEF & RELATED OF,259.0,"CRIMINAL MISCHIEF,UNCLASSIFIED 4",COMPLETED,MISDEMEANOR,N.Y. POLICE DEPT,QUEENS,102,FRONT OF,DRY CLEANER/LAUNDRY,,,1022298.0,186863.0,40.679498977,-73.862825258,"(40.679498977, -73.862825258)"
20,231688534,12/31/2015,22:53:00,12/31/2015,22:55:00,12/31/2015,235,DANGEROUS DRUGS,511.0,"CONTROLLED SUBSTANCE, POSSESSI",COMPLETED,MISDEMEANOR,N.Y. POLICE DEPT,BROOKLYN,71,,STREET,,,995387.0,178144.0,40.655642023,-73.95986308399999,"(40.655642023, -73.959863084)"
21,340513307,04/06/2015,12:00:00,04/10/2015,18:00:00,12/21/2015,104,RAPE,155.0,RAPE 2,COMPLETED,FELONY,N.Y. POLICE DEPT,QUEENS,110,INSIDE,OTHER,,,,,,,
22,704037588,12/31/2015,22:50:00,12/31/2015,22:57:00,12/31/2015,235,DANGEROUS DRUGS,511.0,"CONTROLLED SUBSTANCE, POSSESSI",COMPLETED,MISDEMEANOR,N.Y. POLICE DEPT,QUEENS,108,,STREET,,,1012629.0,212283.0,40.749307045,-73.897578152,"(40.749307045, -73.897578152)"
23,549465293,12/31/2015,22:50:00,12/31/2015,22:58:00,12/31/2015,106,FELONY ASSAULT,105.0,STRANGULATION 1ST,COMPLETED,FELONY,N.Y. POLICE DEPT,BROOKLYN,75,INSIDE,RESIDENCE - APT. HOUSE,,,1018309.0,183847.0,40.67123699,-73.877222202,"(40.67123699, -73.877222202)"
24,693907266,12/31/2015,22:45:00,12/31/2015,22:50:00,12/31/2015,118,DANGEROUS WEAPONS,793.0,WEAPONS POSSESSION 3,COMPLETED,FELONY,N.Y. POLICE DEPT,BROOKLYN,73,FRONT OF,PUBLIC BUILDING,,,1008202.0,179835.0,40.660258055999996,-73.913671137,"(40.660258056, -73.913671137)"
25,371600116,12/31/2015,22:45:00,12/31/2015,22:50:00,12/31/2015,344,ASSAULT 3 & RELATED OFFENSES,101.0,ASSAULT 3,COMPLETED,MISDEMEANOR,N.Y. POLICE DEPT,BROOKLYN,60,FRONT OF,RESTAURANT/DINER,,,992099.0,152792.0,40.586059585,-73.971742687,"(40.586059585, -73.971742687)"
26,359273994,12/31/2015,22:45:00,12/31/2015,22:55:00,12/31/2015,344,ASSAULT 3 & RELATED OFFENSES,101.0,ASSAULT 3,COMPLETED,MISDEMEANOR,N.Y. POLICE DEPT,BROOKLYN,68,INSIDE,RESIDENCE-HOUSE,,,978368.0,169905.0,40.633032786,-74.02119331,"(40.633032786, -74.02119331)"
27,415805453,12/31/2015,22:45:00,,,12/31/2015,118,DANGEROUS WEAPONS,793.0,WEAPONS POSSESSION 3,COMPLETED,FELONY,N.Y. POLICE DEPT,BROOKLYN,75,,STREET,,,1014100.0,183318.0,40.669800195,-73.892397547,"(40.669800195, -73.892397547)"
28,251546004,12/31/2015,22:40:00,12/31/2015,22:50:00,12/31/2015,235,DANGEROUS DRUGS,567.0,"MARIJUANA, POSSESSION 4 & 5",COMPLETED,MISDEMEANOR,N.Y. HOUSING POLICE,BROOKLYN,79,INSIDE,RESIDENCE - PUBLIC HOUSING,,MARCY,998273.0,193029.0,40.696493892,-73.949430815,"(40.696493892, -73.949430815)"
29,624630216,12/31/2015,22:40:00,12/31/2015,22:56:00,12/31/2015,347,INTOXICATED & IMPAIRED DRIVING,905.0,"INTOXICATED DRIVING,ALCOHOL",COMPLETED,MISDEMEANOR,N.Y. POLICE DEPT,STATEN ISLAND,121,,STREET,,,940334.0,166826.0,40.624474678,-74.158203285,"(40.624474678, -74.158203285)"
30,149811574,12/31/2015,22:37:00,12/31/2015,22:57:00,12/31/2015,351,CRIMINAL MISCHIEF & RELATED OF,259.0,"CRIMINAL MISCHIEF,UNCLASSIFIED 4",COMPLETED,MISDEMEANOR,N.Y. POLICE DEPT,BRONX,44,INSIDE,RESIDENCE - APT. HOUSE,,,1009069.0,244907.0,40.838861771,-73.910306061,"(40.838861771, -73.910306061)"
31,749998471,12/31/2015,22:35:00,12/31/2015,22:41:00,12/31/2015,235,DANGEROUS DRUGS,567.0,"MARIJUANA, POSSESSION 4 & 5",COMPLETED,MISDEMEANOR,N.Y. POLICE DEPT,MANHATTAN,7,FRONT OF,STREET,,,987559.0,201831.0,40.720663793,-73.988063995,"(40.720663793, -73.988063995)"
32,508630273,12/31/2015,22:35:00,12/31/2015,22:53:00,12/31/2015,578,HARRASSMENT 2,638.0,"HARASSMENT,SUBD 3,4,5",COMPLETED,VIOLATION,N.Y. HOUSING POLICE,MANHATTAN,23,INSIDE,RESIDENCE - PUBLIC HOUSING,,,998437.0,228299.0,40.793300943,-73.948764998,"(40.793300943, -73.948764998)"
33,975743412,12/31/2015,22:30:00,12/31/2015,22:45:00,12/31/2015,106,FELONY ASSAULT,106.0,"ASSAULT 2,1,PEACE OFFICER",COMPLETED,FELONY,N.Y. HOUSING POLICE,BRONX,42,OPPOSITE OF,RESIDENCE - PUBLIC HOUSING,,UNION AVENUE-EAST 166TH STREET,1011824.0,240352.0,40.826351439,-73.900368274,"(40.826351439, -73.900368274)"
34,590638275,12/31/2015,22:30:00,,,12/31/2015,106,FELONY ASSAULT,109.0,"ASSAULT 2,1,UNCLASSIFIED",COMPLETED,FELONY,N.Y. POLICE DEPT,MANHATTAN,13,,PARK/PLAYGROUND,MADISON SQUARE PARK,,987964.0,209889.0,40.74278087,-73.986598482,"(40.74278087, -73.986598482)"
35,185691443,12/31/2015,22:30:00,12/31/2015,22:45:00,12/31/2015,106,FELONY ASSAULT,109.0,"ASSAULT 2,1,UNCLASSIFIED",COMPLETED,FELONY,N.Y. POLICE DEPT,QUEENS,115,INSIDE,RESIDENCE-HOUSE,,,1015674.0,216963.0,40.762142149,-73.886566512,"(40.762142149, -73.886566512)"
36,824663386,12/31/2015,22:30:00,12/31/2015,23:00:00,12/31/2015,359,OFFENSES AGAINST PUBLIC ADMINI,748.0,"CONTEMPT,CRIMINAL",COMPLETED,MISDEMEANOR,N.Y. HOUSING POLICE,BRONX,42,INSIDE,RESIDENCE - PUBLIC HOUSING,,MORRIS I,1010337.0,243009.0,40.833648657,-73.905730918,"(40.833648657, -73.905730918)"
37,534959121,12/31/2015,22:27:00,12/31/2015,22:30:00,12/31/2015,118,DANGEROUS WEAPONS,793.0,WEAPONS POSSESSION 3,COMPLETED,FELONY,N.Y. POLICE DEPT,BRONX,52,,STREET,,,1017085.0,257207.0,40.872595407,-73.881276175,"(40.872595407, -73.881276175)"
38,448659551,12/31/2015,22:25:00,,,12/31/2015,106,FELONY ASSAULT,109.0,"ASSAULT 2,1,UNCLASSIFIED",COMPLETED,FELONY,N.Y. POLICE DEPT,STATEN ISLAND,122,FRONT OF,PARKING LOT/GARAGE (PUBLIC),,,960587.0,156875.0,40.597238485,-74.085209605,"(40.597238485, -74.085209605)"
39,998429019,12/31/2015,22:22:00,12/31/2015,22:50:00,12/31/2015,351,CRIMINAL MISCHIEF & RELATED OF,259.0,"CRIMINAL MISCHIEF,UNCLASSIFIED 4",COMPLETED,MISDEMEANOR,N.Y. POLICE DEPT,MANHATTAN,1,FRONT OF,RESIDENCE - APT. HOUSE,,,981309.0,200788.0,40.717801138,-74.010610857,"(40.717801138, -74.010610857)"
40,221366121,12/31/2015,22:20:00,12/31/2015,22:30:00,12/31/2015,105,ROBBERY,399.0,"ROBBERY,COMMERCIAL UNCLASSIFIED",COMPLETED,FELONY,N.Y. POLICE DEPT,BROOKLYN,72,INSIDE,GAS STATION,,,978339.0,174226.0,40.64489299,-74.021301578,"(40.64489299, -74.021301578)"
41,280765300,12/31/2015,22:20:00,12/31/2015,22:47:00,12/31/2015,233,SEX CRIMES,681.0,"CHILD, ENDANGERING WELFARE",COMPLETED,MISDEMEANOR,N.Y. POLICE DEPT,QUEENS,109,INSIDE,BAR/NIGHT CLUB,,,,,,,
42,915080831,12/31/2015,22:20:00,12/31/2015,22:25:00,12/31/2015,351,CRIMINAL MISCHIEF & RELATED OF,254.0,"MISCHIEF, CRIMINAL 4, OF MOTOR",COMPLETED,MISDEMEANOR,N.Y. POLICE DEPT,MANHATTAN,24,FRONT OF,STREET,,,993373.0,229301.0,40.79605784,-73.967052307,"(40.79605784, -73.967052307)"
43,699918040,12/31/2015,22:20:00,12/31/2015,22:30:00,12/31/2015,344,ASSAULT 3 & RELATED OFFENSES,101.0,ASSAULT 3,COMPLETED,MISDEMEANOR,N.Y. POLICE DEPT,BROOKLYN,75,INSIDE,RESIDENCE - APT. HOUSE,,,1018309.0,183847.0,40.67123699,-73.877222202,"(40.67123699, -73.877222202)"
44,492283167,12/31/2015,22:15:00,,,12/31/2015,105,ROBBERY,386.0,"ROBBERY,PERSONAL ELECTRONIC DEVICE",COMPLETED,FELONY,N.Y. POLICE DEPT,BROOKLYN,81,FRONT OF,RESIDENCE - APT. HOUSE,,,1005570.0,186646.0,40.678959455,-73.923136122,"(40.678959455, -73.923136122)"
45,886575789,12/31/2015,22:11:00,12/31/2015,22:15:00,12/31/2015,235,DANGEROUS DRUGS,511.0,"CONTROLLED SUBSTANCE, POSSESSI",COMPLETED,MISDEMEANOR,N.Y. POLICE DEPT,BROOKLYN,90,FRONT OF,STREET,,,994735.0,198544.0,40.71163617,-73.962181187,"(40.71163617, -73.962181187)"
46,748742428,12/31/2015,22:10:00,12/31/2015,22:12:00,12/31/2015,107,BURGLARY,213.0,"BURGLARY,COMMERCIAL,NIGHT",COMPLETED,FELONY,N.Y. POLICE DEPT,QUEENS,112,REAR OF,FAST FOOD,,,1024527.0,198372.0,40.711078612,-73.854720141,"(40.711078612, -73.854720141)"
47,823000770,12/31/2015,22:03:00,,,12/31/2015,344,ASSAULT 3 & RELATED OFFENSES,101.0,ASSAULT 3,COMPLETED,MISDEMEANOR,N.Y. POLICE DEPT,BRONX,43,FRONT OF,STREET,,,1022719.0,245908.0,40.841560311,-73.860969547,"(40.841560311, -73.860969547)"
48,978579954,12/31/2015,22:00:00,,,12/31/2015,106,FELONY ASSAULT,109.0,"ASSAULT 2,1,UNCLASSIFIED",COMPLETED,FELONY,N.Y. HOUSING POLICE,BROOKLYN,84,FRONT OF,RESIDENCE - PUBLIC HOUSING,,FARRAGUT,989298.0,194785.0,40.701323372,-73.981795711,"(40.701323372, -73.981795711)"
49,372582288,12/31/2015,22:00:00,12/31/2015,22:19:00,12/31/2015,344,ASSAULT 3 & RELATED OFFENSES,101.0,ASSAULT 3,COMPLETED,MISDEMEANOR,N.Y. HOUSING POLICE,MANHATTAN,7,INSIDE,RESIDENCE - PUBLIC HOUSING,,LA GUARDIA,987482.0,198516.0,40.711564939,-73.98834336899999,"(40.711564939, -73.988343369)"
50,598062257,12/31/2015,22:00:00,,,12/31/2015,344,ASSAULT 3 & RELATED OFFENSES,101.0,ASSAULT 3,COMPLETED,MISDEMEANOR,N.Y. POLICE DEPT,BRONX,43,FRONT OF,STREET,,,1022719.0,245908.0,40.841560311,-73.860969547,"(40.841560311, -73.860969547)"
51,227323376,12/31/2015,22:00:00,,,12/31/2015,352,CRIMINAL TRESPASS,205.0,"TRESPASS 2, CRIMINAL",COMPLETED,MISDEMEANOR,N.Y. POLICE DEPT,BRONX,47,INSIDE,RESIDENCE-HOUSE,,,1023291.0,258416.0,40.875888469,-73.858829418,"(40.875888469, -73.858829418)"
52,134672344,12/31/2015,22:00:00,12/31/2015,22:05:00,12/31/2015,578,HARRASSMENT 2,637.0,"HARASSMENT,SUBD 1,CIVILIAN",COMPLETED,VIOLATION,N.Y. POLICE DEPT,BROOKLYN,77,,STREET,,,1000310.0,183505.0,40.670349221,-73.942107558,"(40.670349221, -73.942107558)"
53,591783875,12/31/2015,22:00:00,12/31/2015,22:05:00,12/31/2015,126,MISCELLANEOUS PENAL LAW,198.0,CRIMINAL CONTEMPT 1,COMPLETED,FELONY,N.Y. POLICE DEPT,QUEENS,115,FRONT OF,RESIDENCE - APT. HOUSE,,,1021129.0,212565.0,40.750049701,-73.86689910300001,"(40.750049701, -73.866899103)"
54,834212518,12/31/2015,22:00:00,12/31/2015,22:19:00,12/31/2015,344,ASSAULT 3 & RELATED OFFENSES,101.0,ASSAULT 3,COMPLETED,MISDEMEANOR,N.Y. HOUSING POLICE,MANHATTAN,7,INSIDE,RESIDENCE - PUBLIC HOUSING,,LA GUARDIA,987482.0,198516.0,40.711564939,-73.98834336899999,"(40.711564939, -73.988343369)"
55,368389376,12/31/2015,22:00:00,12/31/2015,22:05:00,12/31/2015,348,VEHICLE AND TRAFFIC LAWS,916.0,LEAVING SCENE-ACCIDENT-PERSONA,COMPLETED,MISDEMEANOR,N.Y. POLICE DEPT,BROOKLYN,73,,STREET,,,1006523.0,184026.0,40.6717658,-73.919708915,"(40.6717658, -73.919708915)"
56,819217834,12/31/2015,22:00:00,12/31/2015,22:00:00,12/31/2015,578,HARRASSMENT 2,638.0,"HARASSMENT,SUBD 3,4,5",COMPLETED,VIOLATION,N.Y. POLICE DEPT,QUEENS,101,,STREET,,,1052790.0,156203.0,40.595160563,-73.75320294699999,"(40.595160563, -73.753202947)"
57,975280737,12/31/2015,22:00:00,12/31/2015,22:00:00,12/31/2015,344,ASSAULT 3 & RELATED OFFENSES,101.0,ASSAULT 3,COMPLETED,MISDEMEANOR,N.Y. POLICE DEPT,BROOKLYN,83,FRONT OF,STREET,,,1010977.0,187768.0,40.682024415,-73.903637746,"(40.682024415, -73.903637746)"
58,229815464,12/31/2015,22:00:00,12/31/2015,22:15:00,12/31/2015,106,FELONY ASSAULT,105.0,STRANGULATION 1ST,COMPLETED,FELONY,N.Y. POLICE DEPT,QUEENS,101,,STREET,,,1054484.0,156357.0,40.595569998,-73.74710163399999,"(40.595569998, -73.747101634)"
59,609719707,12/31/2015,21:55:00,12/31/2015,22:00:00,12/31/2015,126,MISCELLANEOUS PENAL LAW,198.0,CRIMINAL CONTEMPT 1,COMPLETED,FELONY,N.Y. HOUSING POLICE,BROOKLYN,90,INSIDE,RESIDENCE - PUBLIC HOUSING,,BORINQUEN PLAZA I,999941.0,195917.0,40.704417976,-73.943408842,"(40.704417976, -73.943408842)"
60,571827799,12/31/2015,21:50:00,,,12/31/2015,678,MISCELLANEOUS PENAL LAW,566.0,"MARIJUANA, POSSESSION",COMPLETED,VIOLATION,N.Y. POLICE DEPT,MANHATTAN,23,FRONT OF,STREET,,,1000148.0,228720.0,40.794453562,-73.942584715,"(40.794453562, -73.942584715)"
61,864956142,12/31/2015,21:50:00,12/31/2015,22:05:00,12/31/2015,118,DANGEROUS WEAPONS,793.0,WEAPONS POSSESSION 3,COMPLETED,FELONY,N.Y. POLICE DEPT,BROOKLYN,81,INSIDE,RESIDENCE - APT. HOUSE,,,1001964.0,186902.0,40.679670066,-73.936136211,"(40.679670066, -73.936136211)"
62,643336260,12/31/2015,21:46:00,,,12/31/2015,117,DANGEROUS DRUGS,503.0,"CONTROLLED SUBSTANCE,INTENT TO",COMPLETED,FELONY,N.Y. POLICE DEPT,BROOKLYN,75,INSIDE,RESIDENCE - APT. HOUSE,,,1013371.0,182883.0,40.668608645999996,-73.895027337,"(40.668608646, -73.895027337)"
63,124480034,12/31/2015,21:45:00,,,12/31/2015,344,ASSAULT 3 & RELATED OFFENSES,101.0,ASSAULT 3,COMPLETED,MISDEMEANOR,N.Y. POLICE DEPT,MANHATTAN,13,FRONT OF,STREET,,,985572.0,207670.0,40.736690945999996,-73.995231092,"(40.736690946, -73.995231092)"
64,358737528,12/31/2015,21:45:00,12/31/2015,21:45:00,12/31/2015,344,ASSAULT 3 & RELATED OFFENSES,101.0,ASSAULT 3,COMPLETED,MISDEMEANOR,N.Y. POLICE DEPT,QUEENS,113,INSIDE,RESIDENCE-HOUSE,,,1052151.0,193948.0,40.698766949,-73.75512391,"(40.698766949, -73.75512391)"
65,346268403,12/31/2015,21:45:00,12/31/2015,21:50:00,12/31/2015,117,DANGEROUS DRUGS,521.0,"CONTROLLED SUBSTANCE, SALE 5",COMPLETED,FELONY,N.Y. POLICE DEPT,STATEN ISLAND,120,FRONT OF,STREET,,,952145.0,171452.0,40.637222738,-74.115677715,"(40.637222738, -74.115677715)"
66,952314337,12/31/2015,21:45:00,12/31/2015,22:08:00,12/31/2015,235,DANGEROUS DRUGS,511.0,"CONTROLLED SUBSTANCE, POSSESSI",COMPLETED,MISDEMEANOR,N.Y. POLICE DEPT,BROOKLYN,79,,STREET,,,998173.0,193694.0,40.69831932,-73.949790067,"(40.69831932, -73.949790067)"
67,620980847,12/31/2015,21:45:00,12/31/2015,22:00:00,12/31/2015,344,ASSAULT 3 & RELATED OFFENSES,101.0,ASSAULT 3,COMPLETED,MISDEMEANOR,N.Y. POLICE DEPT,BROOKLYN,72,FRONT OF,STREET,,,986704.0,180390.0,40.661813463,-73.991156275,"(40.661813463, -73.991156275)"
68,850629480,12/31/2015,21:40:00,12/31/2015,21:44:00,12/31/2015,113,FORGERY,729.0,"FORGERY,ETC.,UNCLASSIFIED-FELO",COMPLETED,FELONY,N.Y. POLICE DEPT,BROOKLYN,70,FRONT OF,STREET,,,995665.0,174040.0,40.644377079,-73.95886810100001,"(40.644377079, -73.958868101)"
69,178774233,12/31/2015,21:34:00,,,12/31/2015,118,DANGEROUS WEAPONS,793.0,WEAPONS POSSESSION 3,COMPLETED,FELONY,N.Y. POLICE DEPT,STATEN ISLAND,121,,STREET,,,943786.0,166999.0,40.624965966,-74.145768952,"(40.624965966, -74.145768952)"
70,615620286,12/31/2015,21:30:00,12/31/2015,21:36:00,12/31/2015,118,DANGEROUS WEAPONS,793.0,WEAPONS POSSESSION 3,COMPLETED,FELONY,N.Y. POLICE DEPT,BROOKLYN,67,FRONT OF,TUNNEL,,,1000312.0,170808.0,40.635498723000005,-73.942130584,"(40.635498723, -73.942130584)"
71,132175732,12/31/2015,21:30:00,12/31/2015,21:40:00,12/31/2015,361,OFF. AGNST PUB ORD SENSBLTY &,661.0,"LEWDNESS,PUBLIC",COMPLETED,MISDEMEANOR,N.Y. POLICE DEPT,QUEENS,103,FRONT OF,STREET,,,1051397.0,199636.0,40.714384863,-73.757786395,"(40.714384863, -73.757786395)"
72,417177700,12/31/2015,21:30:00,12/31/2015,21:40:00,12/31/2015,109,GRAND LARCENY,412.0,"LARCENY,GRAND FROM RESIDENCE, UNATTENDED",COMPLETED,FELONY,N.Y. POLICE DEPT,QUEENS,115,INSIDE,RESIDENCE - APT. HOUSE,,,1017904.0,212282.0,40.749285799,-73.878540057,"(40.749285799, -73.878540057)"
73,675472343,12/31/2015,21:25:00,12/31/2015,21:30:00,12/31/2015,361,OFF. AGNST PUB ORD SENSBLTY &,639.0,AGGRAVATED HARASSMENT 2,COMPLETED,MISDEMEANOR,N.Y. POLICE DEPT,QUEENS,110,INSIDE,RESIDENCE-HOUSE,,,1020294.0,209058.0,40.740427315,-73.869931544,"(40.740427315, -73.869931544)"
74,466590298,12/31/2015,21:21:00,12/31/2015,21:27:00,12/31/2015,361,OFF. AGNST PUB ORD SENSBLTY &,639.0,AGGRAVATED HARASSMENT 2,COMPLETED,MISDEMEANOR,N.Y. POLICE DEPT,BRONX,44,INSIDE,RESIDENCE - APT. HOUSE,,,1004568.0,243052.0,40.833781835,-73.92657819899999,"(40.833781835, -73.926578199)"
75,185701487,12/31/2015,21:19:00,12/31/2015,21:21:00,12/31/2015,106,FELONY ASSAULT,109.0,"ASSAULT 2,1,UNCLASSIFIED",COMPLETED,FELONY,N.Y. POLICE DEPT,BRONX,44,INSIDE,RESIDENCE - APT. HOUSE,,,1008355.0,240738.0,40.827421047,-73.912901422,"(40.827421047, -73.912901422)"
76,451003216,12/31/2015,21:15:00,,,12/31/2015,113,FORGERY,729.0,"FORGERY,ETC.,UNCLASSIFIED-FELO",COMPLETED,FELONY,N.Y. POLICE DEPT,BROOKLYN,69,,STREET,,,1012081.0,170936.0,40.635820896999995,-73.899726765,"(40.635820897, -73.899726765)"
77,457509537,12/31/2015,21:15:00,12/31/2015,22:00:00,12/31/2015,126,MISCELLANEOUS PENAL LAW,198.0,CRIMINAL CONTEMPT 1,COMPLETED,FELONY,N.Y. POLICE DEPT,BROOKLYN,66,INSIDE,RESIDENCE - APT. HOUSE,,,986392.0,171832.0,40.638323686999996,-73.99228356,"(40.638323687, -73.99228356)"
78,526370935,12/31/2015,21:15:00,12/31/2015,21:30:00,12/31/2015,578,HARRASSMENT 2,638.0,"HARASSMENT,SUBD 3,4,5",COMPLETED,VIOLATION,N.Y. POLICE DEPT,QUEENS,114,INSIDE,RESIDENCE - APT. HOUSE,,,1003177.0,219338.0,40.768696494000004,-73.931671703,"(40.768696494, -73.931671703)"
79,184360391,12/31/2015,21:10:00,12/31/2015,21:15:00,12/31/2015,344,ASSAULT 3 & RELATED OFFENSES,101.0,ASSAULT 3,COMPLETED,MISDEMEANOR,N.Y. HOUSING POLICE,BROOKLYN,60,INSIDE,RESIDENCE - PUBLIC HOUSING,,,989722.0,155597.0,40.593760536,-73.980298328,"(40.593760536, -73.980298328)"
80,153149631,12/31/2015,21:08:00,12/31/2015,21:10:00,12/31/2015,126,MISCELLANEOUS PENAL LAW,198.0,CRIMINAL CONTEMPT 1,COMPLETED,FELONY,N.Y. HOUSING POLICE,QUEENS,101,INSIDE,RESIDENCE - PUBLIC HOUSING,,REDFERN,1052668.0,161622.0,40.610035501999995,-73.753587353,"(40.610035502, -73.753587353)"
81,561485617,12/31/2015,21:00:00,12/31/2015,21:16:00,12/31/2015,359,OFFENSES AGAINST PUBLIC ADMINI,749.0,VIOLATION OF ORDER OF PROTECTI,COMPLETED,MISDEMEANOR,N.Y. HOUSING POLICE,BRONX,47,INSIDE,RESIDENCE - PUBLIC HOUSING,,BOSTON SECOR,1030304.0,261267.0,40.88367976,-73.833450905,"(40.88367976, -73.833450905)"
82,607105606,12/31/2015,21:00:00,12/31/2015,21:05:00,12/31/2015,341,PETIT LARCENY,333.0,"LARCENY,PETIT FROM STORE-SHOPL",COMPLETED,MISDEMEANOR,N.Y. POLICE DEPT,QUEENS,103,INSIDE,CHAIN STORE,,,1042160.0,196842.0,40.706781298,-73.791130325,"(40.706781298, -73.791130325)"
83,336855089,12/31/2015,21:00:00,12/31/2015,21:30:00,12/31/2015,578,HARRASSMENT 2,638.0,"HARASSMENT,SUBD 3,4,5",COMPLETED,VIOLATION,N.Y. POLICE DEPT,QUEENS,105,INSIDE,RESIDENCE-HOUSE,,,1053830.0,202244.0,40.72152437,-73.74898308,"(40.72152437, -73.74898308)"
84,561118142,12/31/2015,21:00:00,12/31/2015,21:20:00,12/31/2015,106,FELONY ASSAULT,109.0,"ASSAULT 2,1,UNCLASSIFIED",COMPLETED,FELONY,N.Y. POLICE DEPT,QUEENS,113,INSIDE,RESIDENCE-HOUSE,,,1040602.0,187990.0,40.68249473,-73.796823788,"(40.68249473, -73.796823788)"
85,825795086,12/31/2015,21:00:00,,,12/31/2015,126,MISCELLANEOUS PENAL LAW,198.0,CRIMINAL CONTEMPT 1,COMPLETED,FELONY,N.Y. POLICE DEPT,QUEENS,113,INSIDE,RESIDENCE-HOUSE,,,1047366.0,182727.0,40.668003381,-73.772485512,"(40.668003381, -73.772485512)"
86,692485374,12/31/2015,20:50:00,12/31/2015,20:55:00,12/31/2015,106,FELONY ASSAULT,105.0,STRANGULATION 1ST,COMPLETED,FELONY,N.Y. HOUSING POLICE,BROOKLYN,76,INSIDE,RESIDENCE - PUBLIC HOUSING,,RED HOOK WEST,982015.0,185874.0,40.676865878,-74.008059071,"(40.676865878, -74.008059071)"
87,426157232,12/31/2015,20:45:00,12/31/2015,20:50:00,12/31/2015,344,ASSAULT 3 & RELATED OFFENSES,101.0,ASSAULT 3,COMPLETED,MISDEMEANOR,N.Y. POLICE DEPT,BROOKLYN,75,INSIDE,RESIDENCE - APT. HOUSE,,,1016259.0,181569.0,40.66499204,-73.884623052,"(40.66499204, -73.884623052)"
88,623200663,12/31/2015,20:45:00,12/31/2015,20:50:00,12/31/2015,344,ASSAULT 3 & RELATED OFFENSES,101.0,ASSAULT 3,COMPLETED,MISDEMEANOR,N.Y. POLICE DEPT,BROOKLYN,75,INSIDE,RESIDENCE - APT. HOUSE,,,1016259.0,181569.0,40.66499204,-73.884623052,"(40.66499204, -73.884623052)"
89,242903059,12/31/2015,20:40:00,12/31/2015,20:50:00,12/31/2015,340,FRAUDS,707.0,"IMPERSONATION 2, PUBLIC SERVAN",COMPLETED,MISDEMEANOR,N.Y. POLICE DEPT,MANHATTAN,19,,STREET,,,993190.0,217206.0,40.762860445,-73.967729332,"(40.762860445, -73.967729332)"
90,358552029,12/31/2015,20:40:00,12/31/2015,20:50:00,12/31/2015,235,DANGEROUS DRUGS,567.0,"MARIJUANA, POSSESSION 4 & 5",COMPLETED,MISDEMEANOR,N.Y. POLICE DEPT,BROOKLYN,63,,STREET,,,1004331.0,167430.0,40.626218629,-73.927660316,"(40.626218629, -73.927660316)"
91,738387185,12/31/2015,20:40:00,12/31/2015,21:00:00,12/31/2015,344,ASSAULT 3 & RELATED OFFENSES,101.0,ASSAULT 3,COMPLETED,MISDEMEANOR,N.Y. POLICE DEPT,BRONX,45,FRONT OF,STREET,,,1043361.0,247883.0,40.846867045,-73.786349543,"(40.846867045, -73.786349543)"
92,995515637,12/31/2015,20:40:00,12/31/2015,20:50:00,12/31/2015,344,ASSAULT 3 & RELATED OFFENSES,101.0,ASSAULT 3,COMPLETED,MISDEMEANOR,N.Y. POLICE DEPT,BRONX,46,INSIDE,RESIDENCE - APT. HOUSE,,,1010352.0,247469.0,40.84589001,-73.905659355,"(40.84589001, -73.905659355)"
93,163603211,12/31/2015,20:40:00,12/31/2015,21:30:00,12/31/2015,348,VEHICLE AND TRAFFIC LAWS,916.0,LEAVING SCENE-ACCIDENT-PERSONA,COMPLETED,MISDEMEANOR,N.Y. POLICE DEPT,BRONX,42,REAR OF,STREET,,,1010327.0,242893.0,40.833330301,-73.905767506,"(40.833330301, -73.905767506)"
94,788055451,12/31/2015,20:38:00,12/31/2015,20:38:00,12/31/2015,106,FELONY ASSAULT,109.0,"ASSAULT 2,1,UNCLASSIFIED",COMPLETED,FELONY,N.Y. POLICE DEPT,QUEENS,106,,STREET,,,1033013.0,189339.0,40.686242481,-73.82417615600001,"(40.686242481, -73.824176156)"
95,471989363,12/31/2015,20:30:00,12/31/2015,20:35:00,12/31/2015,361,OFF. AGNST PUB ORD SENSBLTY &,639.0,AGGRAVATED HARASSMENT 2,COMPLETED,MISDEMEANOR,N.Y. POLICE DEPT,STATEN ISLAND,120,INSIDE,RESIDENCE-HOUSE,,,960506.0,175491.0,40.648335283,-74.08556676100001,"(40.648335283, -74.085566761)"
96,411809607,12/31/2015,20:30:00,12/31/2015,20:35:00,12/31/2015,578,HARRASSMENT 2,638.0,"HARASSMENT,SUBD 3,4,5",COMPLETED,VIOLATION,N.Y. HOUSING POLICE,STATEN ISLAND,120,INSIDE,RESIDENCE - PUBLIC HOUSING,,RICHMOND TERRACE,960040.0,174187.0,40.644754824,-74.087241385,"(40.644754824, -74.087241385)"
97,249234887,12/31/2015,20:30:00,,,12/31/2015,578,HARRASSMENT 2,638.0,"HARASSMENT,SUBD 3,4,5",COMPLETED,VIOLATION,N.Y. POLICE DEPT,STATEN ISLAND,121,INSIDE,CHECK CASHING BUSINESS,,,938881.0,167697.0,40.626858064000004,-74.163443377,"(40.626858064, -74.163443377)"
98,428109409,12/31/2015,20:30:00,12/31/2015,20:40:00,12/31/2015,106,FELONY ASSAULT,109.0,"ASSAULT 2,1,UNCLASSIFIED",COMPLETED,FELONY,N.Y. POLICE DEPT,QUEENS,114,,STREET,,,1004058.0,215491.0,40.758135542,-73.928502477,"(40.758135542, -73.928502477)"
99,709355164,12/31/2015,20:25:00,12/31/2015,20:45:00,12/31/2015,578,HARRASSMENT 2,637.0,"HARASSMENT,SUBD 1,CIVILIAN",COMPLETED,VIOLATION,N.Y. POLICE DEPT,MANHATTAN,10,,STREET,,,983551.0,208788.0,40.73975965,-74.00252386300001,"(40.73975965, -74.002523863)"
